img_1501.jpg,APRL_001,Maroon Embroidered Patiala Salwar Suit with Floral Dupatta,Full image,,Adults,L,"Silk Blend, Chiffon Blend",Mid-Range,"Top wear, Bottom wear, Dupatta","Smooth fabric, Intricate embroidery, Floral print, Flowing",Female,"Maroon, Gold, Peach, Multi-color",Full sleeves,"festive, wedding, party, traditional, formal","hourglass, pear, apple, rectangle","oval, round, square, heart","ebony, dark, tan, olive, fair, light","warm, neutral, cool"
img_1502.jpg,APRL_001,Anarkali Gown with Dupatta,traditional,,Adults,M,Georgette, Silk Blend,High-End,Top wear,"Smooth, Flowy, Printed",Female,"Magenta, Pink, Gold, Black",Full sleeves,"Festive, Wedding, Party, Formal","pear, hourglass, rectangle, apple, inverted triangle","oval, round, square, heart","fair, light, tan, olive, dark","neutral, cool, warm"
img_1503.jpg,APRL_001,Anarkali Suit with Palazzo,traditional,,Adults,M,Georgette,Mid-Range,Full Ethnic Suit,"Smooth fabric, Embroidery, Ruffled",Female,Sea Green,"Full sleeves, Bell sleeves","casual, festive, party, wedding, formal","hourglass, pear, apple, inverted triangle, rectangle","oval, round, square, heart, diamond, rectangular","ebony, dark, tan, olive, fair, light","cool, neutral"
img_1504.jpg,APRL_001,Women's Kaftan Dress,ethnic,,Adults,L,Chiffon,Mid-Range,Full-body wear,"Smooth fabric, Embellishment, Embroidery",Female,Red,Batwing sleeves,"party, festive, wedding, special occasion","hourglass, pear, apple, inverted triangle, rectangle","oval, round, heart, square","fair, light, tan, olive, dark","warm, neutral"
img_1505.jpg,APRL_001,Women's Embellished Kaftan Dress,ethnic,formal,URL_PLACEHOLDER,Adults,L,Chiffon,Beads,Sequins,Mid-Range,Dress,"Smooth fabric, Sheer, Beaded embroidery",Female,Dark Green,Gold,White,Brown,Full sleeves,Batwing sleeves,"Party, Wedding, Formal, Festive, Holiday","apple, pear, rectangle, hourglass, inverted triangle","oval, round, square","tan, olive, dark, fair, light","cool, neutral, warm"
img_1506.jpg,APRL_001,Embellished Kaftan,,,"Adults","S, M, L, XL","Chiffon Blend, Embroidery","High-Range","Full length garment","Flowy fabric, intricate embroidery, embellished",Female,"Cream, Gold, White, Silver",Full sleeves,"Formal, Party, Wedding, Festive, Cultural events","hourglass, rectangle, pear, apple","oval, heart, rectangular","tan, olive, fair, light","warm, neutral"
img_1507.jpg,APRL_001,Button-Down Abaya,abaya_grey_button_down_full,,Adults,"S, M, L, XL",Cotton Blend,Mid-Range,Dress,"Smooth knit fabric, front button closure, contrast stitching, patch pockets",Female,"Grey, Black",Full sleeves,"casual, everyday, modest wear, religious events","hourglass, pear, apple, inverted triangle, rectangle","oval, round, square, heart, diamond, rectangular","ebony, dark, tan, olive, fair, light","warm, neutral, cool"
img_1508.jpg,APRL_001,Embellished Anarkali Suit,original,Not available,Adults,"S, M, L, XL",Georgette Blend,Mid-Range,Suit set,"Sequin work, Embroidered, Flowy, Pleated",Female,Pink,Full sleeves,"party, wedding, festive, formal","hourglass, pear, apple, inverted triangle, rectangle","oval, round, square, heart, diamond, rectangular","ebony, dark, tan, olive, fair, light","neutral, cool"
img_1509.jpg,APRL_001,Abaya,full length product shot,N/A,Adults,Free size,Polyester Blend,Mid-Range,One-piece garment,"Smooth fabric, Ruffles, Beading on front and sleeves",Female,Black,"Full sleeves, Flared sleeves","casual, daily wear, religious events, formal","hourglass, pear, apple, inverted triangle, rectangle","oval, round, square, heart, diamond, rectangular","ebony, dark, tan, olive, fair, light","warm, neutral, cool"
img_1510.jpg,APRL_003,Men's Kurta,traditional,https://oaidalleapiprod.blob.core.windows.net/private/org-N2t4jE7b4lH2jJ9T5N9q6K9S/user-S0e7X5cWjYwN7wM0L4m0B3e1/img-7kG3pM6O8wYwK9K0W5n4M4q2.png?st=2024-03-20T17%3A44%3A46Z&se=2024-03-20T19%3A44%3A46Z&sp=r&sv=2021-08-06&sr=b&rscd=inline&rsct=image/png&skoid=6ee04e8d-cd67-49d7-a350-f579127054f3&sktid=a48cca56-e6da-484e-a814-9c218497569a&skt=2024-03-20T17%3A19%3A40Z&ske=2024-03-27T17%3A19%3A40Z&sks=b&skv=2021-08-06&sig=xQeM/D9KqD/W2ZqJ2k2L7r7K7m4H6j6L6g4R5b5v4Y4%3D,Adults,L,Cotton Blend,Mid-Range,Top wear,"Micro-patterned fabric, subtle texture",Male,Lavender,Full sleeves,"casual, festive, party, wedding, formal","rectangle, inverted triangle, apple, pear","oval, round, square","tan, olive, dark, light","warm, neutral, cool"
img_1511.jpg,APRL_001,Kaftan Abaya,traditional,N/A,Adults,L,Poly-blend,Mid-Range,Abaya,"Smooth fabric, Draped",Female,"Black, Grey, Red","Full sleeves, Batwing sleeves","casual, daily wear, religious gatherings, modest fashion events","rectangle, apple, pear, inverted triangle, hourglass","oval, round, square, heart","ebony, dark, tan, olive, fair, light","warm, neutral, cool"
img_1512.jpg,APRL_001,Oversized Round Neck T-shirt,original,provided_image_url,Adults,L,Cotton Blend,Mid-Range,Top wear,Smooth fabric,Male,Black,Half sleeves,"casual, daily wear, lounge wear","rectangle, inverted triangle, apple, pear, hourglass","oval, round, square, heart, diamond, rectangular","ebony, dark, tan, olive, fair, light","warm, neutral, cool"
img_1513.jpg,APRL_003,Women's Embroidered Kurta Set with Dupatta,traditional,Provided image,Adults,M,Cotton Blend,Mid-Range,"Top wear, Bottom wear, Dupatta","Smooth fabric, Intricate embroidery, Tie-dye print on dupatta",Female,"Lavender, White",3/4 sleeves,"Casual, Festive, Semi-formal","hourglass, pear, apple, rectangle","oval, round, square, heart","ebony, dark, tan, olive, fair, light","cool, neutral, warm"
img_1514.jpg,APRL_001,Women's Ethnic Palazzo Suit,traditional,,Adults,M,Silk Blend,Mid-Range,"Top wear, Bottom wear","Smooth fabric, Embroidery, Mirror work, Printed",Female,"Light Green, Multi-color",Full sleeves,"casual, party, festive, wedding","hourglass, pear, apple, inverted triangle, rectangle","oval, round, square, heart, diamond, rectangular","fair, light, tan, olive, dark","warm, neutral, cool"
img_1515.jpg,APRL_001,Patiala Salwar Suit,traditional,,Adult,M,Silk Blend, Chiffon,Premium-Range,"Top wear, Bottom wear, Dupatta","Smooth fabric, Embroidered, Flowy",Female,"Navy Blue, Light Blue, Gold, Pink, Green",Full sleeves,"festive, wedding, party, traditional","hourglass, pear, apple, inverted triangle, rectangle","oval, round, square, heart, diamond, rectangular","ebony, dark, tan, olive, fair, light","warm, neutral, cool"
img_1516.jpg,APRL_003,Anarkali Suit,"traditional, festive",,Adults,N/A,"Net, Silk Blend",Mid-Range,Full Suit,"Sheer, Embroidered, Smooth",Female,"Light Blue, Multi-color Embroidery",Full sleeves,"party, wedding, festive, formal","hourglass, rectangle, pear","oval, heart","tan, olive, fair, light","neutral, cool"
img_1517.jpg,APRL_001,"Women's Embroidered Anarkali Suit Set","Full length image of woman wearing an Anarkali suit set, close-up details of embroidery on bodice and hem",Provided image asset,Adults,L,Georgette Blend,Mid-Range,"Top wear, Bottom wear","Smooth fabric, Intricate embroidery",Female,Mauve,"Long sleeves, Bell cuffs","Festive, Party, Wedding, Formal, Seasonal","hourglass, pear, rectangle, inverted triangle","oval, round, square","fair, light, tan, olive, dark","cool, neutral"
img_1518.jpg,APRL_001,Embellished Kaftan Dress,traditional,,Adults,Free Size,Chiffon Blend,Mid-Range,Full-length Dress,"Smooth, Sheer fabric, Beaded, Embroidered",Female,Royal Blue,Full sleeves,"party, wedding, formal, festive, special occasion","rectangle, hourglass, pear, apple, inverted triangle","oval, round, square, heart, diamond, rectangular","ebony, dark, tan, olive, fair, light","cool, neutral"
img_1519.jpg,ERROR: got status: 503 Service Unavailable. {"error":{"code":503,"message":"The model is overloaded. Please try again later.","status":"UNAVAILABLE"}}
img_1520.jpg,ERROR: got status: 503 Service Unavailable. {"error":{"code":503,"message":"The model is overloaded. Please try again later.","status":"UNAVAILABLE"}}
img_1521.jpg,APRL_001,Women's Abaya Dress,Provided image,N/A,Adults,"M, L, XL",Polyester Blend,Mid-Range,Dress,Smooth fabric,Female,Black,"Full sleeves, Puffed sleeves, Buttoned cuffs","casual, formal, modest fashion, party, eid, religious","hourglass, pear, rectangle, apple, inverted triangle","oval, round, square, heart, diamond, rectangular","ebony, dark, tan, olive, fair, light","warm, neutral, cool"
img_1522.jpg,APRL_003,Sharara Suit,traditional,,Adults,M,Georgette,Mid-Range,"Top wear, Bottom wear","Smooth fabric, Embroidery",Female,Purple,Full sleeves,"party, wedding, festive, formal, seasonal","hourglass, pear, apple, inverted triangle, rectangle","oval, round, square, heart, diamond, rectangular","fair, light, olive, tan, dark, ebony","cool, neutral, warm"
img_1524.jpg,APRL_001,Men's Kurta,original,https://img.example.com/image.jpg,Adult,L,Cotton Blend,Mid-Range,Top wear,"Textured fabric, Subtle pattern",Male,Mint Green,Full sleeves,"casual, festive, semi-formal, wedding","rectangle, inverted triangle, apple","oval, rectangular, square","tan, olive, light, fair","cool, neutral"
img_1525.jpg,APRL_001,Abaya,modest_dress,Adults,S, M, L, XL, XXL,Crepe Blend,Mid-Range,Full length dress,Smooth fabric,Female,Navy Blue,Full sleeves,"casual, formal, religious, festive, party","hourglass, pear, apple, inverted triangle, rectangle","oval, round, square, heart, diamond, rectangular","ebony, dark, tan, olive, fair, light","cool, neutral, warm"
img_1526.jpg,APRL_001,Men's Checked Casual Shirt,casual,Adults,XL,Cotton Blend,Mid-Range,Top wear,"Smooth fabric, Plaid pattern",Male,"Black, Grey, White, Red",Full sleeves,"casual, everyday, outing","rectangle, apple","oval, round","dark, tan, olive","warm, neutral"
img_1527.jpg,APRL_001,Floral Printed Kurta Set with Dupatta,ethnic wear,,Adults,L,Cotton Blend,Mid-Range,"Top wear, Bottom wear, Dupatta","Smooth fabric, Floral print",Female,"Off-white, Beige, Brown","Three-quarter sleeves","casual, festive, semi-formal, daily wear","hourglass, pear, apple, inverted triangle, rectangle","oval, round, square, heart, diamond, rectangular","ebony, dark, tan, olive, fair, light","warm, neutral, cool"
img_1528.jpg,APRL_001,Women's Embroidered Kaftan Dress,traditional,N/A,Adults,Free Size,Georgette Blend,Mid-Range,Dress,"Smooth fabric, Beaded, Embroidered, Flowy",Female,Fuchsia,"Full sleeves, Batwing","party, wedding, festive, evening, special occasion","hourglass, pear, apple, inverted triangle, rectangle","oval, round, square, heart","fair, light, olive, tan, dark","cool, neutral"
img_1529.jpg,APRL_003,Women's Patiala Suit,Traditional Ethnic Wear,N/A,Adults,L,Faux Georgette,Mid-Range,"Top wear, Bottom wear, Dupatta","Smooth fabric, Intricate embroidery, Mirror work",Female,"Maroon, Gold",Full sleeves,"casual, party, wedding, festive","hourglass, pear, apple, inverted triangle, rectangle","oval, round, square, heart, diamond, rectangular","ebony, dark, tan, olive, fair, light","warm, neutral, cool"
img_1530.jpg,APRL_001,Embroidered Anarkali Suit,"Original image, detail crops",Provided in prompt,Adults,M,"Net Fabric, Embroidery",Mid-Range,"Top wear, Bottom wear, Dupatta","Sheer, Embroidered, Flowy",Female,Mint Green,Full sleeves,"Parties, Weddings, Festive occasions, Cultural events","hourglass, pear, rectangle, apple, inverted triangle","oval, round, heart, diamond","fair, light, tan, olive","cool, neutral"
img_1531.jpg,APRL_001,Women's Embroidered Anarkali Kurta Set,main_image,provided_image_url,Adults,Not Applicable,Georgette Blend,Mid-Range,Top wear,Bottom wear,"Smooth fabric, Embroidered, Flowy",Female,Olive Green,"Full sleeves, Flared cuffs","Festive, Party, Wedding, Formal, Traditional","hourglass, pear, apple, inverted triangle, rectangle","oval, round, square, heart, diamond, rectangular","ebony, dark, tan, olive, fair, light","warm, neutral, cool"
img_1532.jpg,APRL_001,Kaftan Dress,main image,,Adults,Free size,Chiffon,Mid-Range,Dress,"Sheer, Flowy, Embellishment, Embroidery",Female,Red,Batwing sleeves,"Party, Festive, Wedding, Formal, Seasonal","hourglass, pear, apple, inverted triangle, rectangle","oval, round, square, heart, diamond, rectangular","ebony, dark, tan, olive, fair, light","warm, neutral, cool"
img_1533.jpg,APRL_001,Embellished Kaftan Dress,traditional_dress,long_dress,Adults,Free Size,"Georgette, Beads, Sequins",Mid-High Range,Dress,"Smooth, flowing fabric, Embellished, Intricate beadwork, Sequined",Female,Coral,"Kaftan sleeves, Full length, Wide","formal, party, wedding, festive, evening","apple, pear, rectangle, inverted triangle, hourglass","oval, round, square, heart, diamond, rectangular","ebony, dark, tan, olive, fair, light","warm, neutral"
img_1534.jpg,APRL_001,Moroccan Caftan,traditional,,Adults,L,"Velvet, Gold Embroidery",High-Range,Full body wear,"Smooth fabric, Ornate embroidery, Embellished",Female,"Red, Gold",Long sleeves,"formal, party, wedding, cultural, festive","hourglass, pear, rectangle, apple","oval, round","tan, olive, dark, fair","warm, neutral"
img_1535.jpg,APRL_001,Women's Embroidered Abaya,traditional,Adults,L,Polyester Blend,Mid-Range,Full-length dress,"Smooth fabric, Embroidery",Female,Black, Red,Full sleeves,"casual, religious, party, formal, special occasions","hourglass, pear, apple, inverted triangle, rectangle","oval, round, square, rectangular","ebony, dark, tan, olive, fair, light","warm, neutral, cool"
img_1536.jpg,APRL_001,Women's Embroidered Palazzo Suit,traditional,ethnic wear,,Adults,L,Georgette Blend,Mid-Range,Suit (Top wear & Bottom wear),"Smooth fabric, Embroidery, Mirror work",Female,Maroon,"Full sleeves, Flared sleeves","party, wedding, festival, formal, seasonal","hourglass, pear, apple, inverted triangle, rectangle","oval, round, square, heart","ebony, dark, tan, olive, fair, light","warm, neutral, cool"
img_1537.jpg,APRL_001,Women's Abaya Dress,traditional,,Adults,L,Polyester Blend,Mid-Range,Overall Dress,"Smooth fabric, Collared, Button-front, Pleated skirt",Female,Navy Blue,Full sleeves,"casual, formal, daily wear, party","hourglass, pear, apple, inverted triangle, rectangle","oval, round, square, heart, diamond, rectangular","ebony, dark, tan, olive, fair, light","warm, neutral, cool"
img_1538.jpg,APRL_001,Men's Kurta Pyjama Set,traditional,,Adults,,Cotton Blend,Mid-Range,"Top wear, Bottom wear","Smooth fabric, Printed",Male,"Pink, White, Cream",Full sleeves,"casual, party, wedding, festive, formal","rectangle, inverted triangle, apple, pear","oval, round, square","tan, olive, fair, light, dark","warm, neutral, cool"
img_1539.jpg,APRL_001,Women's Abaya Dress,full-length product shot,image_url_placeholder,Adult,M,Polyester Blend,Mid-Range,Full Body Wear,"Smooth fabric, Voluminous sleeves, Belted",Female,Taupe,"Full sleeves, Puffed/Voluminous","casual, formal, religious, special occasion","hourglass, pear, rectangle, inverted triangle","oval, round, heart","ebony, dark, tan, olive, fair, light","warm, neutral"
img_1540.jpg,APRL_003,Men's Casual Short Sleeve Shirt,Solid Casual Shirt,,Adults,M,Cotton Blend,Mid-Range,Top wear,"Smooth fabric, Plain",Male,Grey,Half sleeves,"casual, daily wear, smart casual","rectangle, inverted triangle, apple, pear","oval, round, square, heart, diamond, rectangular","ebony, dark, tan, olive, fair, light","warm, neutral, cool"
img_1541.jpg,APRL_001,Women's Printed Kurta Set with Dupatta,ethnic wear,,Adults,M,Cotton Blend,Mid-Range,Top wear, Bottom wear, Dupatta,"Smooth fabric, Floral print, Embroidery",Female,Off-white, Purple, Pink,Three-quarter sleeves,"casual, festive, party, seasonal",hourglass, pear, apple, inverted triangle, rectangle,oval, square, heart, rectangular,fair, light, tan, olive, dark,warm, neutral, cool
img_1542.jpg,APRL_001,Embroidered Punjabi Suit with Patiala and Floral Dupatta,traditional,,Adults,M,"Art Silk Blend, Chiffon",Mid-Range,"Top wear, Bottom wear, Dupatta","Smooth fabric, Intricate Embroidery, Floral print",Female,"Deep Purple, Light Pink",Full sleeves,"Festive, Wedding, Party, Casual","hourglass, pear, apple, rectangle","oval, round, rectangular","tan, olive, fair, light, dark","warm, neutral, cool"
img_1543.jpg,APRL_001,Women's Ethnic Palazzo Suit,Full Length Image,Provided image,Adults,M,Rayon Blend,Mid-Range,"Top wear, Bottom wear","Smooth fabric, Embroidery, Mirror work, Tassels",Female,"Purple, Multi-color",Full sleeves,"Festive, Party, Wedding, Semi-formal","hourglass, pear, apple, inverted triangle, rectangle","oval, round, square, heart","fair, light, tan, olive, dark","neutral, warm, cool"
img_1544.jpg,APRL_001,Anarkali Suit,traditional,Adults,M,Net, Georgette,Mid-Range,Ethnic Suit Set,"Sheer, Embroidered, Flowy",Female,Lime Green,Full sleeves,"casual, party, wedding, festive","hourglass, pear, inverted triangle, rectangle, apple","oval, round, heart, diamond, rectangular","tan, olive, fair, light","warm, neutral"
img_1545.jpg,APRL_001,Women's Sharara Suit,traditional,provided_image,Adults,M,Georgette,Mid-Range,"Top wear, Bottom wear","Smooth fabric, Embellished, Flowy",Female,Light Green,Sleeveless,"casual, party, wedding, festive, formal","hourglass, pear, apple, inverted triangle, rectangle","oval, round, square, heart, diamond, rectangular","fair, light, tan, olive","neutral, cool"
img_1546.jpg,APRL_001,Kaftan Dress,"kaftan, dress, traditional, embellished, blue",,Adults,Free size,"Chiffon, Georgette",Mid-Range,Dress,"Flowy fabric, embellished neckline, sheer sleeves",Female,"Royal Blue, Multicolor","Batwing sleeves, Full sleeves","casual, party, wedding, festive, evening, special occasions","rectangle, apple, pear, inverted triangle, hourglass","oval, round, square, heart, diamond","ebony, dark, tan, olive, fair, light","cool, neutral, warm"
img_1547.jpg,APRL_001,Embellished Kaftan Dress,photograph,N/A,Adults,Free Size,Chiffon,Mid-Range,Full length dress,"Smooth fabric, Embellished, Flowy",Female,Yellow,"Batwing sleeves, Full length","casual, party, festive, formal","hourglass, pear, apple, inverted triangle, rectangle","oval, round, square, heart, diamond, rectangular","tan, olive, dark",warm
img_1548.jpg,APRL_001,Embroidered Kaftan Dress,traditional,,Adults,L,Georgette Blend,High-Range,Dress,"Smooth fabric, Embroidered texture, Beaded texture",Female,"Emerald Green, Gold",Full sleeves,"Party, Wedding, Festive, Formal","hourglass, rectangle, pear, apple, inverted triangle","oval, round, square, heart","fair, light, tan, olive, dark","warm, neutral"
img_1549.jpg,APRL_001,Designer Anarkali Suit,traditional,,Adults,M,"Faux Georgette, Art Silk",Mid-Range,Full suit,"Embroidered, Flowy fabric",Female,Dark Brown,Full sleeves,"wedding, festive, party, formal","hourglass, pear, apple, inverted triangle, rectangle","oval, round, square, heart","ebony, dark, tan, olive, fair, light","warm, neutral, cool"
img_1550.jpg,APRL_001,Abaya,original_image.jpg,original_image_url,Adults,Not specified,Polyester Blend,Mid-Range,Full-length dress,"Smooth fabric, Embroidery",Female,Navy Blue,Full sleeves,"casual, formal, religious, festive","rectangle, pear, apple, hourglass, inverted triangle","oval, round, square","fair, light, olive, tan, dark, ebony","cool, neutral, warm"
img_1551.jpg,APRL_001,Embroidered Front-Open Abaya,Modest wear,N/A,Adults,Not Specified,Crepe Blend,Mid-Range,Full-Length Dress,"Smooth fabric, Floral Embroidery",Female,Taupe,"Full sleeves, Buttoned Cuffs","Casual, Religious, Formal, Everyday","hourglass, pear, apple, inverted triangle, rectangle","oval, round, square","fair, light, tan, olive, dark","neutral, warm, cool"
img_1552.jpg,APRL_003,Men's Kurta Pyjama Set,traditional,,Adults,L,Cotton Blend,Mid-Range,"Top wear, Bottom wear","Textured fabric, Embroidery, Smooth fabric",Male,"Black, White",Full sleeves,"casual, party, wedding, formal, seasonal","rectangle, inverted triangle, apple","oval, round, square","ebony, dark, tan, olive, fair, light","warm, neutral, cool"
img_1553.jpg,APRL_003,Women's Animal Print Maxi Dress,full_image,Provided in prompt,Adult,M,Chiffon Blend,Mid-Range,Dress,"Flowy fabric, Animal print",Female,"Blue, White, Black",Long Bell Sleeves,"Casual, Party, Festive, Modest Wear","rectangle, hourglass, pear, inverted triangle","oval, round, square","fair, light, tan, olive","cool, neutral"
img_1555.jpg,APRL_001,Women's Kurta Set with Dupatta,main_image,,Adults,L,Cotton Blend,Mid-Range,"Top wear, Bottom wear","Smooth fabric, Printed, Textured",Female,"Teal blue, Gold",3/4 sleeves,"casual, festive, party, ethnic wear","rectangle, pear, apple, hourglass","oval, round, square, heart, rectangular","dark, tan, olive, fair, light","warm, neutral, cool"
img_1556.jpg,APRL_001,Women's Embroidered Patiala Suit,traditional,,Adults,M,"Velvet, Chiffon",Mid-Range,"Top wear, Bottom wear, Scarf","Smooth fabric, Embroidery, Floral print",Female,"Black, Gold, Light Gray, Pink, Green",Full sleeves,"Party, Wedding, Festive, Formal","pear, apple, rectangle, hourglass, inverted triangle","oval, round, square, heart, diamond, rectangular","ebony, dark, tan, olive, fair, light","warm, neutral, cool"
img_1557.jpg,APRL_001,Printed Salwar Suit with Dupatta,traditional,,Adults,L,Cotton Blend,Mid-Range,"Top wear, Bottom wear","Smooth fabric, intricate print, mirror work effect",Female,"Black, Multicolor",Full sleeves,"casual, party, festive, wedding","hourglass, pear, apple, inverted triangle, rectangle","oval, round, square, heart, diamond, rectangular","ebony, dark, tan, olive, fair, light","warm, neutral, cool"
img_1558.jpg,APRL_001,Women's Anarkali Suit with Dupatta,"full_image, crop_1, crop_2, crop_3, crop_4",N/A,Adults,M,Georgette Blend,Mid-Range,Full suit,"Smooth fabric, flowy, subtle gold trim",Female,"Black, Gold",Full sleeves,"casual, party, festive, wedding, formal","hourglass, pear, apple, inverted triangle, rectangle","oval, round, square, heart, diamond, rectangular","ebony, dark, tan, olive, fair, light","warm, neutral, cool"
img_1559.jpg,APRL_003,Women's Embroidered Anarkali Suit,traditional,,Adults,M,Georgette Blend,Mid-Range,Suit set,"Embroidered bodice, Flowy fabric, Vertical patterns",Female,Teal,Full sleeves,"casual, party, wedding, festive","hourglass, pear, apple, inverted triangle, rectangle","oval, round, square, heart, diamond, rectangular","tan, olive, fair, light, dark","neutral, cool, warm"
img_1560.jpg,APRL_001,Embellished Kaftan Gown,main_image,provided_image_url,Adults,Free size,Chiffon,Mid-Range,Full dress,"Smooth, Flowy fabric, Heavy beadwork, Embroidery",Female,Hot Pink,"Flared Sleeves, Full sleeves","party, wedding, formal, festive, evening wear","apple, rectangle, pear, inverted triangle","oval, round, square, heart","fair, light, tan, olive","cool, neutral"
img_1561.jpg,APRL_001,Embroidered Kaftan,traditional,Not Applicable,Adults,L,Georgette,High-Range,Full-length dress,"Smooth fabric, Intricate embroidery, Embellished",Female,Red,Full sleeves,"festive, party, wedding, formal, special occasion","hourglass, pear, rectangle, apple, inverted triangle","oval, round, rectangular, heart","fair, light, tan, olive, dark","warm, neutral"
img_1562.jpg,APRL_001,Moroccan Kaftan Dress,,,"Adults","Not specified","Satin, Silk Blend","Mid-Range",Dress,"Smooth, Shiny fabric, Embroidered, Tasseled",Female,"Teal, Pink, Purple, White","3/4 sleeves, Bell sleeves","Party, Wedding, Festive, Formal, Cultural events","hourglass, pear, apple, inverted triangle, rectangle","oval, round, square, heart, diamond, rectangular","ebony, dark, tan, olive, fair, light","warm, neutral, cool"
img_1563.jpg,APRL_003,Embroidered Anarkali Gown,ethnic,N/A,Adults,M,Georgette Blend,Mid-Range,Top wear,"Embroidered, Shimmery, Flowing",Female,Mauve Brown,Full sleeves,"festive, party, wedding, formal, traditional","hourglass, pear, apple, inverted triangle, rectangle","oval, round, square, heart, diamond, rectangular","ebony, dark, tan, olive, fair, light","warm, neutral, cool"
img_1564.jpg,APRL_001,Women's Abaya,original image,https://oaidalleapiprodscus.blob.core.windows.net/private/org-qV1t86FjS1W4x57F8QhP8r8e/user-00Q5pE3mSj2bJ06KkP74Ff9L/img-hF5k3k6jG0P684D4jLzUj14r.png?st=2024-06-12T07%3A40%3A28Z&se=2024-06-12T09%3A40%3A28Z&sp=r&sv=2021-08-06&sr=b&rscd=inline&rsct=image/png&skoid=6tayv3m5k6a2b8g6d7v7c7r7&sktid=a259c76d-3e6f-431a-965a-d453f200d72f&skt=2024-06-12T07%3A39%3A38Z&ske=2024-06-12T09%3A39%3A38Z&sks=b&skv=2021-08-06&sig=cOq0z5eW5k1v3u0g2F9V2G4x3K4j8R5M6r7s0H8D7zU%3D,Adults,M,Crepe,Mid-Range,Dress/Outerwear,"Smooth fabric, Flowing",Female,Burgundy,Full sleeves,"casual, formal, daily wear, religious","rectangle, apple, pear, hourglass, inverted triangle","oval, round","fair, light, olive, tan","cool, neutral"
img_1565.jpg,APRL_001,Embroidered Abaya and Hijab Set,traditional,"",Adults,"S, M, L, XL",Georgette Blend,Mid-Range,Full-length dress,"Smooth, Flowy, Embroidered",Female,"Maroon, Gold",Full sleeves,"Religious ceremonies, Festive wear, Formal events, Weddings, Special occasions","rectangle, pear, apple, inverted triangle, hourglass","oval, round, square, heart, diamond, rectangular","fair, light, tan, olive, dark, ebony","warm, neutral, cool"
img_1566.jpg,APRL_001,Men's Printed Kurta,traditional,N/A,Adults,L,Cotton Blend,Mid-Range,Top wear,"Geometric pattern, Soft fabric",Male,"Green, Cream",Full sleeves,"casual, party, festive, seasonal","rectangle, inverted triangle, apple, pear","oval, rectangular, square, round","dark, tan, olive, light","warm, neutral"
img_1567.jpg,APRL_001,Modest Maxi Dress with Belt,Modest_Maxi_Dress_Abaya_001.jpg,https://example.com/modest_maxi_dress_abaya_001.jpg,Adults,Free Size,Polyester Blend,Mid-Range,Full Body Wear,"Smooth fabric, Gathered sleeves",Female,Plum,Full sleeves,Puffed,"casual, formal, evening, party, religious","hourglass, pear, apple, inverted triangle, rectangle","oval, round, square, heart","ebony, dark, tan, olive, fair, light","cool, neutral, warm"
img_1568.jpg,APRL_001,Women's Embroidered Kurta Set with Dupatta,product shot,provided image,Adults,M,Cotton Blend,Mid-Range,"Top wear, Bottom wear","Smooth fabric, Printed, Embroidered",Female,"Maroon, Pink (print)",3/4 sleeves,"casual, festive, party, ethnic wear","hourglass, pear, apple, inverted triangle, rectangle","oval, round, square, heart, diamond, rectangular","ebony, dark, tan, olive, fair, light","warm, neutral, cool"
img_1569.jpg,APRL_001,Anarkali Dhoti Salwar Suit,studio,Provided Image,Adults,Various,"Georgette Blend, Net Dupatta",Mid-Range,"Top wear, Bottom wear, Dupatta","Smooth fabric, Sheer, Zari embroidery",Female,"Navy Blue, Gold",Full sleeves,"Festive, Party, Wedding, Cultural events","hourglass, pear, apple, inverted triangle, rectangle","oval, round, square, heart","ebony, dark, tan, olive, fair, light","neutral, warm, cool"
img_1570.jpg,APRL_001,Women's Printed Kurta Set,traditional,,Adults,N/A,Cotton Blend,Mid-Range,Kurta Set,"Printed fabric, Smooth texture",Female,"Maroon, Pink, White",3/4 sleeves,"casual, festive, daily wear, cultural events","rectangle, inverted triangle, apple, pear, hourglass","oval, round, square, heart, rectangular","ebony, dark, tan, olive, fair, light","warm, neutral"
img_1571.jpg,APRL_001,Women's Anarkali Suit,traditional,https://oaidalleapicom.blob.core.windows.net/private/org-qF1D971k8f39lO31M2oE6gXg/user-wVl26s7S2Y5RnxT8YwI3pU2R/img-i5wX9q3w6DpH7WJgLzJ6J5k4.png?st=2024-05-18T05%3A22%3A05Z&se=2024-05-18T07%3A22%3A05Z&sp=r&sv=2021-08-06&sr=b&rscd=inline&rsct=image/png&oid=gen-C2tHqD515YjTzPPH3yL32X9C&sig=bWz%2B555Q6%2BJxWcM3uD5%2Bhv34M05G/bM9v9b27mYp%2BsI%3D,Adults,M,Cotton Blend,Mid-Range,Top wear,"Textured fabric, Embroidery, Flowy",Female,Lavender,Full sleeves,"casual, party, festive, wedding","hourglass, pear, apple, inverted triangle, rectangle","oval, round, square, heart","fair, light, tan, olive","neutral, cool"
img_1572.jpg,APRL_001,Women's Embroidered Anarkali Suit with Sharara,traditional,N/A,Adults,M,Georgette,Mid-Range,"Top wear, Bottom wear","Smooth fabric, Embroidery, Flowy",Female,Purple,"Full sleeves, Bell cuffs","festive, party, wedding, formal","hourglass, pear, rectangle, inverted triangle","oval, round, square, heart, diamond","ebony, dark, tan, olive, fair, light","neutral, cool, warm"
img_1573.jpg,APRL_001,Kaftan Dress,traditional,Adults,Free Size,Chiffon,Mid-Range,Full-length dress,"Smooth fabric, Sheer, Beaded, Embellished",Female,Royal Blue,"Kaftan sleeves, Long sleeves","Party, Wedding, Formal, Festive, Special Occasion","hourglass, pear, apple, inverted triangle, rectangle","oval, round, square, heart","ebony, dark, tan, olive, fair, light","neutral, cool"
img_1574.jpg,ERROR: exception TypeError: fetch failed sending request
img_1575.jpg,ERROR: exception TypeError: fetch failed sending request
img_1576.jpg,ERROR: exception TypeError: fetch failed sending request
img_1577.jpg,APRL_001,Women's Embroidered Abaya,traditional,Adults,L,Polyester Blend,Mid-Range,Both,"Smooth fabric, Embroidery, Tassels",Female,"Emerald Green, Gold",Full sleeves,"casual, party, festive, formal, seasonal","hourglass, pear, apple, inverted triangle, rectangle","oval, round, square, heart, diamond, rectangular","ebony, dark, tan, olive, fair, light","warm, neutral, cool"
img_1578.jpg,APRL_001,Embroidered Abaya,modest wear,N/A,Adults,Free Size,Polyester Blend,Mid-Range,Dress,"Smooth fabric, Embroidery",Female,"Navy Blue, White embroidery",Full sleeves,"casual, formal, religious, festive","hourglass, pear, apple, inverted triangle, rectangle","oval, round, square, heart, diamond, rectangular","ebony, dark, tan, olive, fair, light","warm, neutral, cool"
img_1579.jpg,APRL_001,Men's Printed Kurta Set,traditional,Adults,L,Cotton Blend,Mid-Range,Top wear, Bottom wear,"Smooth fabric, Geometric print",Male,Grey, White, Cream,Full sleeves,"casual, festive, party, ethnic",rectangle, inverted triangle, apple, pear,oval, round, square, rectangular,dark, tan, olive, light, fair,neutral, cool
img_1580.jpg,APRL_001,Women's Abaya Dress,original_image,,Adults,M,Polyester Blend,Mid-Range,Dress,"Smooth fabric, Flowing",Female,Brown,Full sleeves,"casual, party, formal, festive","hourglass, pear, apple, inverted triangle, rectangle","oval, round, square, heart, diamond, rectangular","ebony, dark, tan, olive, fair, light","warm, neutral, cool"
img_1581.jpg,APRL_001,Women's Embroidered Kurta Set with Dupatta,ethnic wear,Adults,L,"Cotton Blend, Chiffon Blend",Mid-Range,"Top wear, Bottom wear, Dupatta","Smooth fabric, Embroidery, Printed",Female,"Coral, Multi-color",Three-quarter sleeves,"casual, festive, party, daily wear","rectangle, hourglass, pear, apple, inverted triangle","oval, round, square, heart, rectangular","tan, olive, fair, light","warm, neutral"
img_1582.jpg,APRL_001,Women's Bandhani Print Kurta with Dhoti Pants Set,ethnic wear,ethnic wear,Adults,M,Cotton Blend,Mid-Range,"Top wear, Bottom wear","Smooth fabric, Bandhani print, Ruffled",Female,"Royal Blue, Orange",Sleeveless,"festive, party, wedding, casual","hourglass, pear, apple, inverted triangle, rectangle","oval, round, square, heart, diamond, rectangular","ebony, dark, tan, olive, fair, light","warm, neutral, cool"
img_1583.jpg,ARPL_001,Women's Printed Sharara Suit,traditional,provided image,Adults,L,Cotton Blend,Mid-Range,"Smooth fabric, Printed, Embellished",Female,"Black, Multi-color",Full sleeves,"casual, party, festive, semi-formal","apple, pear, inverted triangle, rectangle","oval, round, square, heart","dark, tan, olive, light","neutral, warm"
img_1584.jpg,APRL_001,Women's Floral Print Anarkali Gown,Original image, and multiple cropped views showing details.,Not provided in prompt,Adults,Not specified,Georgette,Mid-Range,One-piece dress,"Flowy fabric, Smooth, Floral print",Female,"Navy Blue (base) with Pink, Green, and White Floral Print",Full sleeves,"Casual, Festive, Party, Summer, Brunch","hourglass, pear, apple, inverted triangle, rectangle","oval, round, square, heart, diamond, rectangular","ebony, dark, tan, olive, fair, light","warm, neutral, cool"
img_1585.jpg,APRL_001,Women's Embroidered Anarkali Suit,main_image_full_body,,Adults,L,Georgette Blend,Mid-Range,"Top wear, Bottom wear, Dupatta","Flowy fabric, Embroidered, Sequined, Ruffled cuffs",Female,"Olive Green, White","Full sleeves, Bell cuffs","Party, Wedding, Festive, Occasional","hourglass, pear, apple, inverted triangle, rectangle","oval, round, heart, diamond","tan, olive, fair, light","warm, neutral, cool"
img_1586.jpg,APRL_003,Embellished Kaftan Dress,Ethnic,Adults,Free Size,Chiffon,Mid-Range,Full garment,"Sheer fabric, Beaded embroidery, Flowing",Female,"Fuchsia, Black",Full length sleeves,"casual, festive, party, vacation, evening","hourglass, pear, apple, inverted triangle, rectangle","oval, round, square, heart, diamond, rectangular","tan, olive, fair, light","cool, neutral"
img_1587.jpg,APRL_001,Embellished Kaftan Dress,main_image,N/A,Adults,All sizes,Georgette,High-Range,Dress,"Smooth fabric, Intricate embroidery, Beaded",Female,"Royal Blue, Gold",Full sleeves,"festive, party, wedding, formal, ethnic events","hourglass, pear, apple, inverted triangle, rectangle","oval, round, heart, square, rectangular","fair, light, tan, olive, dark","cool, neutral"
img_1588.jpg,APRL_001,Women's Embroidered Kaftan Dress,traditional,N/A,Adults,Free Size,Georgette,Mid-Range,Dress,"Smooth fabric, intricate embroidery, flowy",Female,"Black, Gold embroidery","Batwing sleeves, Full sleeves","Party, Festive, Wedding, Special Occasion, Formal","hourglass, pear, apple, inverted triangle, rectangle","oval, round, square, heart, diamond, rectangular","ebony, dark, tan, olive, fair, light","warm, neutral, cool"
img_1589.jpg,APRL_001,Embroidered Lehenga Choli Set with Dupatta,Lehenga Choli,Blouse,Dupatta,Embroidery,Mirror Work,Provided Image,Adults,M,"Net, Faux Georgette, Mirror work",Mid-High Range,"Top wear, Bottom wear, Dupatta","Sheer, Embroidered, Embellished, Mirror work",Female,"Plum, Silver",Short sleeves,"Wedding, Festive, Party, Engagement, Sangeet, Cultural Events","hourglass, pear, rectangle, inverted triangle","oval, round, square, heart","fair, light, tan, olive","cool, neutral"
img_1590.jpg,APRL_001,Women's Abaya,full-length,,Adults,L,Polyester Blend,Mid-Range,Full-length dress,Smooth fabric,Female,Brown,Full sleeves,"casual, religious, formal, party","hourglass, pear, apple, inverted triangle, rectangle","oval, round, rectangular","fair, light, tan, olive, dark, ebony","warm, neutral"
img_1591.jpg,APRL_001,Women's Embroidered Abaya,traditional,N/A,Adults,Free Size,Polyester Blend,Mid-Range,Full-length dress,"Smooth fabric, Intricate Embroidery",Female,Olive Green,Full sleeves,"casual, religious ceremonies, special occasions, semi-formal","rectangle, apple, pear, hourglass","oval, round, rectangular, square","fair, light, tan, olive","warm, neutral"
img_1592.jpg,APRL_001,Men's Printed Kurta,traditional,https://example.com/green_printed_kurta.jpg,Adult,Not specified,Cotton Blend,Mid-Range,Top wear,"Printed fabric",Male,"Green, White",Full sleeves,"casual, festive, party, traditional","rectangle, inverted triangle, apple","oval, round, square, diamond","tan, olive, dark","warm, neutral"
img_1593.jpg,APRL_001,Embroidered Kaftan Abaya,traditional,Adults,Free Size,Polyester Blend,Mid-Range,Full-length dress,"Smooth fabric, Embroidery",Female,Maroon,"Full sleeves, Batwing style","casual, party, wedding, formal, seasonal","hourglass, pear, apple, inverted triangle, rectangle","oval, round, square, heart","ebony, dark, tan, olive, fair, light","warm, neutral, cool"
img_1594.jpg,APRL_001,Women's Pink Kurta Set with Dupatta,"full image, close-up upper body, close-up lower body",,Adults,M,Cotton Blend,Mid-Range,"Top wear, Bottom wear","Smooth fabric, Embroidery, Printed/Patterned Dupatta",Female,"Light Pink, White",3/4 sleeves,"casual, festive, daily wear, semi-formal","rectangle, inverted triangle, apple, pear, hourglass","oval, round, heart, square, rectangular","fair, light, tan, olive","cool, neutral, warm"
img_1595.jpg,APRL_001,Patiala Salwar Kameez Suit,traditional,,Adults,L,Art Silk,Mid-Range,Suit,"Smooth fabric, Embroidery, Mirror work",Female,Green,Full sleeves,"Festive, Party, Wedding, Semi-formal","hourglass, pear, apple, inverted triangle, rectangle","oval, round, square, heart, diamond, rectangular","ebony, dark, tan, olive, fair, light","warm, neutral, cool"
img_1596.jpg,APRL_003,Embroidered Salwar Suit,Adults,L,Synthetic Blend,Mid-Range,"Top wear, Bottom wear","Smooth fabric, Embroidered, Embellished",Female,Teal,Full sleeves,"casual, party, festive, wedding, formal","rectangle, pear, apple, hourglass, inverted triangle","oval, round, square, heart","tan, olive, fair, light, dark","cool, neutral, warm"
img_1597.jpg,APRL_003,Women's Anarkali Suit,traditional,,Adults,L,Georgette Blend,Mid-Range,Top wear,"Smooth fabric, Embroidery",Female,Maroon,Full sleeves,"casual, party, wedding, formal, seasonal","hourglass, pear, apple, inverted triangle, rectangle","oval, round, square, heart, diamond, rectangular","ebony, dark, tan, olive, fair, light","warm, neutral, cool"
img_1598.jpg,APRL_003,Women's Embroidered Gharara Suit,traditional,Adults,L,Silk Blend,Mid-Range,"Top wear, Bottom wear, Dupatta","Smooth fabric, Embroidered, Embellished",Female,"Purple, Gold",3/4 sleeves,"festive, party, wedding, formal","hourglass, pear, apple, inverted triangle, rectangle","oval, round, square, heart, diamond, rectangular","ebony, dark, tan, olive, fair, light","warm, neutral, cool"
img_1599.jpg,APRL_001,Kaftan Dress,traditional,N/A,Adults,Free size,Georgette,Mid-Range,Dress,"Smooth, Embroidered, Sheer",Female,"Red with gold embroidery",Full sleeves,"casual, party, festive, semi-formal","hourglass, pear, apple, inverted triangle, rectangle","oval, round, heart","ebony, dark, tan, olive, fair, light","warm, neutral, cool"
img_1600.jpg,APRL_001,Embroidered Kaftan Dress,"Full body shot, studio lighting, front view",N/A (Original image provided),Adults,Universal,Chiffon,Mid-Range,"Full outfit (Dress/Gown)","Smooth fabric, Sheer, Embroidered embellishment",Female,"Green, Gold",Batwing sleeves,"Formal, Party, Festive, Evening, Wedding guest","hourglass, pear, apple, inverted triangle, rectangle","oval, round, square, heart, diamond, rectangular","ebony, dark, tan, olive, fair, light","warm, neutral"
img_1601.jpg,APRL_003,Embroidered Kaftan,traditional,Adults,Free size,Georgette,Mid-Range,Dress,"Smooth fabric, Heavy embroidery, Sequins",Female,"Pink, White",Full sleeves,"party, wedding, formal, festive, eid","hourglass, pear, apple, inverted triangle, rectangle","oval, round, square, heart","fair, light, tan, olive, dark","neutral, cool"
img_1602.jpg,APRL_001,Lehenga Choli,traditional,N/A,Adults,M,"Silk Blend, Net",High-Range,Outfit,"Embroidered, Sequined, Smooth fabric",Female,"Dark Purple, Light Pink (dupatta), Gold, Teal",Half sleeves,"Wedding, Festive, Party, Formal","hourglass, pear, apple, inverted triangle, rectangle","oval, round, square, heart, diamond, rectangular","ebony, dark, tan, olive, fair, light","warm, neutral, cool"
img_1603.jpg,APRL_001,Women's Abaya,image.jpg,image_url.jpg,Adults,Various,Crepe,Mid-Range,Dress,"Smooth fabric, Flowy",Female,Beige,Full sleeves,"Casual, Everyday wear, Modest wear","rectangle, apple, pear, hourglass, inverted triangle","oval, round, rectangular","fair, light, tan, olive","warm, neutral"
img_1604.jpg,APRL_001,Embroidered Abaya Gown,traditional,N/A,Adults,Free Size,Polyester Crepe,Mid-Range,Full-length dress,"Smooth fabric, Embroidery",Female,Maroon,Full sleeves,"casual, party, formal, religious","hourglass, pear, apple, inverted triangle, rectangle","oval, round, square, heart, diamond, rectangular","ebony, dark, tan, olive, fair, light","warm, neutral, cool"
img_1605.jpg,APRL_001,Mens Kurta Pyjama Set,Full length image of man in Kurta Pyjama,N/A,Adults,L,Silk Blend,Mid-Range,"Top wear, Bottom wear","Striped, Smooth, Sheen",Male,"Grey, White",Full sleeves,"casual, party, wedding, formal, seasonal","rectangle, inverted triangle, apple","oval, round, square, rectangular","dark, olive, tan",neutral
img_1606.jpg,APRL_001,Women's Embroidered Abaya,Product Photo,Not available,Adults,Free Size,Polyester Blend,Mid-Range,Full-length dress,"Smooth fabric, Intricate Embroidery",Female,"Dark Green, Gold Embroidery",Full sleeves,"casual, formal, festive, religious gatherings","hourglass, pear, apple, inverted triangle, rectangle","oval, round, square, heart, diamond, rectangular","fair, light, olive, tan, dark, ebony","warm, neutral, cool"
img_1607.jpg,APRL_001,Women's Kurta Set with Dupatta,main image,,Adults,M,Georgette Blend,Mid-Range,"Top wear, Bottom wear, Dupatta","Smooth fabric, Gota Patti work, Sheer dupatta",Female,Wine,3/4 sleeves,"casual, festive, party, ethnic wear","hourglass, pear, apple, inverted triangle, rectangle","oval, round, square, heart, diamond, rectangular","ebony, dark, tan, olive, fair, light","warm, neutral, cool"
img_1608.jpg,APRL_001,Women's Printed Kurta with Dhoti Pants Set,traditional,traditional,Adults,M,Cotton Blend,Mid-Range,"Top wear, Bottom wear","Smooth fabric, Printed, Embellished neckline",Female,"Off-white, Blue, Green, Turquoise",Three-quarter sleeves,"casual, festive, daily wear","rectangle, pear, apple, inverted triangle","oval, round, square, heart","fair, light, tan, olive, dark","neutral, warm, cool"
img_1609.jpg,APRL_001,Women's Salwar Suit,salwar_suit_teal_embroidered,https://i.imgur.com/gO0w88G.jpeg,Adults,L,Georgette Blend,Mid-Range,Salwar Suit Set (Top, Bottom, Dupatta),"Smooth fabric, Embroidery",Female,Teal,Full sleeves,"festive, party, wedding, casual, formal","hourglass, pear, apple, inverted triangle, rectangle","oval, round, square, heart, diamond, rectangular","ebony, dark, tan, olive, fair, light","cool, neutral, warm"
img_1610.jpg,APRL_001,Embroidered Anarkali Gown Suit,traditional,N/A,Adults,M,"Georgette, Net",High-Range,Suit,"Embroidered, Smooth fabric, Sheer",Female,"Maroon, White",3/4 sleeves,"wedding, party, festive, formal","hourglass, pear, apple, rectangle","oval, round, rectangular","tan, olive, fair, light, dark","warm, neutral, cool"
img_1611.jpg,APRL_003,Anarkali Gown,traditional,,Adults,L,Georgette Blend,Mid-Range,Top wear,"Smooth fabric, Intricate embroidery, Flared",Female,Dark Purple,Full sleeves,"party, wedding, festive, formal","hourglass, pear, apple, inverted triangle, rectangle","oval, round, square, heart","dark, tan, olive, fair","cool, neutral, warm"
img_1612.jpg,APRL_003,Red Embellished Kaftan Dress,Red Kaftan Dress,N/A,Adults,Free Size,Georgette Blend,Mid-Range,Dress,"Smooth fabric, Intricate embroidery, Flowing",Female,"Red, Gold",Batwing sleeves,"Party, wedding, festive, evening wear, formal","hourglass, pear, apple, inverted triangle, rectangle","oval, round, square, heart, diamond, rectangular","ebony, dark, tan, olive, fair, light","warm, neutral"
img_1613.jpg,APRL_003,Women's Embroidered Kaftan Gown,original image,Not provided,Adults,Free size,Chiffon Blend,High-End,Full garment,"Smooth fabric, Sheer, Intricate gold embroidery",Female,"Red, Gold",Full sleeves,"party, wedding, formal, festive, traditional, evening wear","rectangle, apple, pear, hourglass, inverted triangle","oval, round, square, heart, diamond, rectangular","fair, light, tan, olive, dark","warm, neutral"
img_1614.jpg,APRL_003,Women's Kaftan Gown,Ethnic,Adults,M,Chiffon,Mid-Range,Dress,"Smooth fabric, Intricate Embroidery",Female,Teal,Full sleeves,"formal, party, wedding, festive","hourglass, pear, apple, inverted triangle, rectangle","oval, round, square, heart, diamond, rectangular","ebony, dark, tan, olive, fair, light","warm, neutral, cool"
img_1615.jpg,APRL_001,Embroidered Lehenga Choli Set,"original image, cropped image 1, cropped image 2, cropped image 3, cropped image 4",Provided in prompt,Adults,L,"Art Silk, Net",High-Range,"Traditional set (Top wear, Bottom wear, Dupatta)","Smooth fabric, Intricate embroidery, Zari, Sequins",Female,"Maroon, Burgundy",Sleeveless,"Wedding, Festive, Party, Formal","hourglass, pear, inverted triangle, rectangle","oval, round, square, heart, diamond, rectangular","ebony, dark, tan, olive, fair, light","warm, neutral, cool"
img_1616.jpg,APRL_003,Women's Abaya Dress,modest fashion,N/A,Adults,L,Polyester Blend,Mid-Range,Full-length dress,"Smooth fabric, Button-front, Belted waist, Puff sleeves",Female,Light Brown,"Full sleeves, Puff sleeves","casual, formal, daily wear, special occasions","hourglass, pear, apple, rectangle, inverted triangle","oval, round, rectangular","ebony, dark, tan, olive, fair, light","warm, neutral"
img_1617.jpg,APRL_001,Abaya,Traditional,,Adults,L,Polyester Blend,Mid-Range,Full-length dress,"Smooth fabric, Embroidery",Female,Black,Full sleeves,"casual, formal, religious, party","hourglass, pear, apple, inverted triangle, rectangle","oval, round, square, heart, diamond, rectangular","ebony, dark, tan, olive, fair, light","warm, neutral, cool"
img_1618.jpg,APRL_003,Men's Printed Kurta,traditional,,Adults,M,Cotton Blend,Mid-Range,Top wear,"Printed, Smooth fabric",Male,"Light Green, Yellow, White",Full sleeves,"casual, festive, party, seasonal","rectangle, apple, pear","oval, round, square","dark, tan, olive, fair, light","warm, neutral"
img_1619.jpg,ERROR: got status: 429 Too Many Requests. {"error":{"code":429,"message":"You exceeded your current quota, please check your plan and billing details. For more information on this error, head to: https://ai.google.dev/gemini-api/docs/rate-limits. To monitor your current usage, head to: https://ai.dev/usage?tab=rate-limit.\n* Quota exceeded for metric: generativelanguage.googleapis.com/generate_content_free_tier_requests, limit: 250\nPlease retry in 31.446540596s.","status":"RESOURCE_EXHAUSTED","details":[{"@type":"type.googleapis.com/google.rpc.QuotaFailure","violations":[{"quotaMetric":"generativelanguage.googleapis.com/generate_content_free_tier_requests","quotaId":"GenerateRequestsPerDayPerProjectPerModel-FreeTier","quotaDimensions":{"location":"global","model":"gemini-2.5-flash"},"quotaValue":"250"}]},{"@type":"type.googleapis.com/google.rpc.Help","links":[{"description":"Learn more about Gemini API quotas","url":"https://ai.google.dev/gemini-api/docs/rate-limits"}]},{"@type":"type.googleapis.com/google.rpc.RetryInfo","retryDelay":"31s"}]}}
img_1620.jpg,ERROR: got status: 429 Too Many Requests. {"error":{"code":429,"message":"You exceeded your current quota, please check your plan and billing details. For more information on this error, head to: https://ai.google.dev/gemini-api/docs/rate-limits. To monitor your current usage, head to: https://ai.dev/usage?tab=rate-limit.\n* Quota exceeded for metric: generativelanguage.googleapis.com/generate_content_free_tier_requests, limit: 250\nPlease retry in 26.398821022s.","status":"RESOURCE_EXHAUSTED","details":[{"@type":"type.googleapis.com/google.rpc.QuotaFailure","violations":[{"quotaMetric":"generativelanguage.googleapis.com/generate_content_free_tier_requests","quotaId":"GenerateRequestsPerDayPerProjectPerModel-FreeTier","quotaDimensions":{"location":"global","model":"gemini-2.5-flash"},"quotaValue":"250"}]},{"@type":"type.googleapis.com/google.rpc.Help","links":[{"description":"Learn more about Gemini API quotas","url":"https://ai.google.dev/gemini-api/docs/rate-limits"}]},{"@type":"type.googleapis.com/google.rpc.RetryInfo","retryDelay":"26s"}]}}
img_1621.jpg,APRL_001,Women's Kurta Dhoti Set,traditional,,Adults,M,Cotton Blend,Mid-Range,"Top wear, Bottom wear","Smooth fabric, Printed pattern, Embroidery",Female,Mint Green,"3/4 sleeves, Bell sleeves","casual, festive, semi-formal, daily wear","hourglass, pear, apple, rectangle","oval, round, square, heart","fair, light, tan, olive, dark, ebony","cool, neutral"
img_1622.jpg,APRL_001,Women's Embroidered Salwar Suit,traditional,,Adults,L,Faux Georgette Blend,Mid-Range,Suit,"Smooth fabric, Embroidery, Embellished",Female,Magenta,Full sleeves,"casual, party, wedding, festive, formal","hourglass, pear, apple, rectangle","oval, round, square, rectangular","fair, light, tan, olive, dark, ebony","cool, neutral, warm"
img_1623.jpg,APRL_001,Anarkali Gown Suit,https://i.imgur.com/example.jpg,https://i.imgur.com/example.jpg,Adults,Medium,"Faux Georgette, Net",High-Range,Full Gown,"Embroidered, Smooth fabric, Sheer (dupatta)",Female,"Navy Blue, White",Full sleeves,"Wedding, Party, Festive, Formal","hourglass, pear, apple, inverted triangle, rectangle","oval, round, square, heart, diamond, rectangular","ebony, dark, tan, olive, fair, light","cool, neutral"
img_1624.jpg,APRL_003,Women's Embroidered Sharara Suit,"traditional, festive",N/A,Adults,All,Georgette Blend,Mid-Range,Suit set,"Embroidered, flowing, sheer fabric",Female,Aqua Blue,Full sleeves,"Festive, Party, Wedding, Formal","hourglass, pear, apple, inverted triangle, rectangle","oval, round, square, heart","fair, light, tan, olive, dark","cool, neutral"
img_1625.jpg,APRL_001,Women's Embellished Kaftan,product shot,N/A,Adults,L,Chiffon,Mid-Range,One-piece garment,"Smooth fabric, Embroidery, Beads, Zari work",Female,Dark Green,Wide Kaftan sleeves,"casual, party, wedding, festive, evening wear","hourglass, pear, apple, inverted triangle, rectangle","oval, round, square, heart, diamond, rectangular","ebony, dark, tan, olive, fair, light","neutral, warm, cool"
img_1626.jpg,ERROR: got status: 429 Too Many Requests. {"error":{"code":429,"message":"You exceeded your current quota, please check your plan and billing details. For more information on this error, head to: https://ai.google.dev/gemini-api/docs/rate-limits. To monitor your current usage, head to: https://ai.dev/usage?tab=rate-limit.\n* Quota exceeded for metric: generativelanguage.googleapis.com/generate_content_free_tier_requests, limit: 250\nPlease retry in 21.324961743s.","status":"RESOURCE_EXHAUSTED","details":[{"@type":"type.googleapis.com/google.rpc.QuotaFailure","violations":[{"quotaMetric":"generativelanguage.googleapis.com/generate_content_free_tier_requests","quotaId":"GenerateRequestsPerDayPerProjectPerModel-FreeTier","quotaDimensions":{"location":"global","model":"gemini-2.5-flash"},"quotaValue":"250"}]},{"@type":"type.googleapis.com/google.rpc.Help","links":[{"description":"Learn more about Gemini API quotas","url":"https://ai.google.dev/gemini-api/docs/rate-limits"}]},{"@type":"type.googleapis.com/google.rpc.RetryInfo","retryDelay":"21s"}]}}
img_1627.jpg,ERROR: got status: 429 Too Many Requests. {"error":{"code":429,"message":"You exceeded your current quota, please check your plan and billing details. For more information on this error, head to: https://ai.google.dev/gemini-api/docs/rate-limits. To monitor your current usage, head to: https://ai.dev/usage?tab=rate-limit.\n* Quota exceeded for metric: generativelanguage.googleapis.com/generate_content_free_tier_requests, limit: 250\nPlease retry in 50.238246378s.","status":"RESOURCE_EXHAUSTED","details":[{"@type":"type.googleapis.com/google.rpc.QuotaFailure","violations":[{"quotaMetric":"generativelanguage.googleapis.com/generate_content_free_tier_requests","quotaId":"GenerateRequestsPerDayPerProjectPerModel-FreeTier","quotaDimensions":{"location":"global","model":"gemini-2.5-flash"},"quotaValue":"250"}]},{"@type":"type.googleapis.com/google.rpc.Help","links":[{"description":"Learn more about Gemini API quotas","url":"https://ai.google.dev/gemini-api/docs/rate-limits"}]},{"@type":"type.googleapis.com/google.rpc.RetryInfo","retryDelay":"50s"}]}}
img_1628.jpg,ERROR: got status: 429 Too Many Requests. {"error":{"code":429,"message":"You exceeded your current quota, please check your plan and billing details. For more information on this error, head to: https://ai.google.dev/gemini-api/docs/rate-limits. To monitor your current usage, head to: https://ai.dev/usage?tab=rate-limit.\n* Quota exceeded for metric: generativelanguage.googleapis.com/generate_content_free_tier_requests, limit: 250\nPlease retry in 19.401823328s.","status":"RESOURCE_EXHAUSTED","details":[{"@type":"type.googleapis.com/google.rpc.QuotaFailure","violations":[{"quotaMetric":"generativelanguage.googleapis.com/generate_content_free_tier_requests","quotaId":"GenerateRequestsPerDayPerProjectPerModel-FreeTier","quotaDimensions":{"location":"global","model":"gemini-2.5-flash"},"quotaValue":"250"}]},{"@type":"type.googleapis.com/google.rpc.Help","links":[{"description":"Learn more about Gemini API quotas","url":"https://ai.google.dev/gemini-api/docs/rate-limits"}]},{"@type":"type.googleapis.com/google.rpc.RetryInfo","retryDelay":"19s"}]}}
img_1629.jpg,ERROR: got status: 429 Too Many Requests. {"error":{"code":429,"message":"You exceeded your current quota, please check your plan and billing details. For more information on this error, head to: https://ai.google.dev/gemini-api/docs/rate-limits. To monitor your current usage, head to: https://ai.dev/usage?tab=rate-limit.\n* Quota exceeded for metric: generativelanguage.googleapis.com/generate_content_free_tier_requests, limit: 250\nPlease retry in 49.137117627s.","status":"RESOURCE_EXHAUSTED","details":[{"@type":"type.googleapis.com/google.rpc.QuotaFailure","violations":[{"quotaMetric":"generativelanguage.googleapis.com/generate_content_free_tier_requests","quotaId":"GenerateRequestsPerDayPerProjectPerModel-FreeTier","quotaDimensions":{"location":"global","model":"gemini-2.5-flash"},"quotaValue":"250"}]},{"@type":"type.googleapis.com/google.rpc.Help","links":[{"description":"Learn more about Gemini API quotas","url":"https://ai.google.dev/gemini-api/docs/rate-limits"}]},{"@type":"type.googleapis.com/google.rpc.RetryInfo","retryDelay":"49s"}]}}
img_1630.jpg,ERROR: got status: 429 Too Many Requests. {"error":{"code":429,"message":"You exceeded your current quota, please check your plan and billing details. For more information on this error, head to: https://ai.google.dev/gemini-api/docs/rate-limits. To monitor your current usage, head to: https://ai.dev/usage?tab=rate-limit.\n* Quota exceeded for metric: generativelanguage.googleapis.com/generate_content_free_tier_requests, limit: 250\nPlease retry in 19.33312234s.","status":"RESOURCE_EXHAUSTED","details":[{"@type":"type.googleapis.com/google.rpc.QuotaFailure","violations":[{"quotaMetric":"generativelanguage.googleapis.com/generate_content_free_tier_requests","quotaId":"GenerateRequestsPerDayPerProjectPerModel-FreeTier","quotaDimensions":{"location":"global","model":"gemini-2.5-flash"},"quotaValue":"250"}]},{"@type":"type.googleapis.com/google.rpc.Help","links":[{"description":"Learn more about Gemini API quotas","url":"https://ai.google.dev/gemini-api/docs/rate-limits"}]},{"@type":"type.googleapis.com/google.rpc.RetryInfo","retryDelay":"19s"}]}}
img_1631.jpg,ERROR: got status: 429 Too Many Requests. {"error":{"code":429,"message":"You exceeded your current quota, please check your plan and billing details. For more information on this error, head to: https://ai.google.dev/gemini-api/docs/rate-limits. To monitor your current usage, head to: https://ai.dev/usage?tab=rate-limit.\n* Quota exceeded for metric: generativelanguage.googleapis.com/generate_content_free_tier_requests, limit: 250\nPlease retry in 47.889165618s.","status":"RESOURCE_EXHAUSTED","details":[{"@type":"type.googleapis.com/google.rpc.QuotaFailure","violations":[{"quotaMetric":"generativelanguage.googleapis.com/generate_content_free_tier_requests","quotaId":"GenerateRequestsPerDayPerProjectPerModel-FreeTier","quotaDimensions":{"location":"global","model":"gemini-2.5-flash"},"quotaValue":"250"}]},{"@type":"type.googleapis.com/google.rpc.Help","links":[{"description":"Learn more about Gemini API quotas","url":"https://ai.google.dev/gemini-api/docs/rate-limits"}]},{"@type":"type.googleapis.com/google.rpc.RetryInfo","retryDelay":"47s"}]}}
img_1632.jpg,ERROR: got status: 429 Too Many Requests. {"error":{"code":429,"message":"You exceeded your current quota, please check your plan and billing details. For more information on this error, head to: https://ai.google.dev/gemini-api/docs/rate-limits. To monitor your current usage, head to: https://ai.dev/usage?tab=rate-limit.\n* Quota exceeded for metric: generativelanguage.googleapis.com/generate_content_free_tier_requests, limit: 250\nPlease retry in 17.951538725s.","status":"RESOURCE_EXHAUSTED","details":[{"@type":"type.googleapis.com/google.rpc.QuotaFailure","violations":[{"quotaMetric":"generativelanguage.googleapis.com/generate_content_free_tier_requests","quotaId":"GenerateRequestsPerDayPerProjectPerModel-FreeTier","quotaDimensions":{"location":"global","model":"gemini-2.5-flash"},"quotaValue":"250"}]},{"@type":"type.googleapis.com/google.rpc.Help","links":[{"description":"Learn more about Gemini API quotas","url":"https://ai.google.dev/gemini-api/docs/rate-limits"}]},{"@type":"type.googleapis.com/google.rpc.RetryInfo","retryDelay":"17s"}]}}
